[
  {
    "title": "Gold Rush Gang",
    "year": "2025",
    "release_date": "2025-08-21",
    "poster": "https://image.tmdb.org/t/p/w500/7j6jZNhCTnsZy5QItpruDwyBWoo.jpg",
    "tmdb_id": 1429739,
    "tmdb_vote": 7.5,
    "rt_score": null,
    "providers": [
      "Netflix Standard with Ads",
      "Netflix"
    ],
    "overview": "At the tail end of World War II, a bandit leader and his crew go up against his sworn enemy and the Japanese army to rob a train full of gold.",
    "inclusion_reason": "Digital release: 2025-08-21 \u2022 Streaming on 2 platforms \u2022 High popularity",
    "has_digital": true,
    "digital_date": "2025-08-21T00:00:00.000Z",
    "theatrical_date": null,
    "justwatch_url": "https://www.themoviedb.org/movie/1429739/watch?locale=US",
    "director": "Wisit Sasanatieng",
    "cast": "Petchtai Wongkamlao, Thiti Mahayotaruk, Chingduang Duijkers",
    "runtime": 120,
    "studio": "Bang Fai Film",
    "rating": "R",
    "tmdb_url": "https://www.themoviedb.org/movie/1429739",
    "rt_url": "https://www.rottentomatoes.com/search?search=Gold%20Rush%20Gang",
    "wikipedia_url": "https://en.wikipedia.org/wiki/Gold_Rush_Gang_(film)",
    "review_data": {
      "rt_score": null,
      "imdb_rating": null
    }
  },
  {
    "title": "Eenie Meanie",
    "year": "2025",
    "release_date": "2025-08-22",
    "poster": "https://image.tmdb.org/t/p/w500/12Va3oO3oYUdOd75zM57Nx1976a.jpg",
    "tmdb_id": 1151334,
    "tmdb_vote": 7.3,
    "rt_score": null,
    "providers": [
      "Hulu"
    ],
    "overview": "A former teenage getaway driver gets dragged back into her unsavory past when a former employer offers her a chance to save the life of her chronically unreliable ex-boyfriend.",
    "inclusion_reason": "Digital release: 2025-08-22 \u2022 Streaming on 1 platforms \u2022 High popularity",
    "has_digital": true,
    "digital_date": "2025-08-22T00:00:00.000Z",
    "theatrical_date": null,
    "justwatch_url": "https://www.themoviedb.org/movie/1151334-eenie-meanie/watch?locale=US",
    "director": "Shawn Simmons",
    "cast": "Samara Weaving, Karl Glusman, Andy Garc\u00eda",
    "runtime": 106,
    "studio": "20th Century Studios",
    "rating": "R",
    "tmdb_url": "https://www.themoviedb.org/movie/1151334",
    "rt_url": "https://www.rottentomatoes.com/search?search=Eenie%20Meanie",
    "wikipedia_url": "https://en.wikipedia.org/wiki/Eenie_Meanie_(film)",
    "review_data": {
      "rt_score": null,
      "imdb_rating": null
    }
  },
  {
    "title": "The Map That Leads to You",
    "year": "2025",
    "release_date": "2025-08-20",
    "poster": "https://image.tmdb.org/t/p/w500/uwvKQIjJpC37IEsEj4ZAn1ITyRy.jpg",
    "tmdb_id": 1312946,
    "tmdb_vote": 6.737,
    "rt_score": null,
    "providers": [
      "Amazon Prime Video with Ads",
      "Amazon Prime Video"
    ],
    "overview": "Heather is a young woman traveling Europe with friends before starting her perfectly planned life. A chance meeting with Jack sparks an unexpected romance that leads to deep emotional discovery. As secrets and life choices test their bond, her path changes forever.",
    "inclusion_reason": "Digital release: 2025-08-20 \u2022 Streaming on 2 platforms \u2022 High popularity",
    "has_digital": true,
    "digital_date": "2025-08-20T00:00:00.000Z",
    "theatrical_date": null,
    "justwatch_url": "https://www.themoviedb.org/movie/1312946-the-map-that-leads-to-you/watch?locale=US",
    "director": "Lasse Hallstr\u00f6m",
    "cast": "Madelyn Cline, K.J. Apa, Sofia Wylie",
    "runtime": 96,
    "studio": "Temple Hill Entertainment",
    "rating": "PG-13",
    "tmdb_url": "https://www.themoviedb.org/movie/1312946",
    "rt_url": "https://www.rottentomatoes.com/search?search=The%20Map%20That%20Leads%20to%20You",
    "wikipedia_url": "https://en.wikipedia.org/wiki/The_Map_That_Leads_to_You_(film)",
    "review_data": {
      "rt_score": null,
      "imdb_rating": null
    }
  },
  {
    "title": "Fall for Me",
    "year": "2025",
    "release_date": "2025-08-21",
    "poster": "https://image.tmdb.org/t/p/w500/nLTs9SNBuk3DuB8D0p3mSsPYN7J.jpg",
    "tmdb_id": 1300116,
    "tmdb_vote": 5.975,
    "rt_score": null,
    "providers": [
      "Netflix Standard with Ads",
      "Netflix"
    ],
    "overview": "Lilli is suspicious of her sister's new fiance, but when an attractive stranger enters her life, she's suddenly distracted by the thralls of desire.",
    "inclusion_reason": "Digital release: 2025-08-21 \u2022 Streaming on 2 platforms \u2022 High popularity",
    "has_digital": true,
    "digital_date": "2025-08-21T00:00:00.000Z",
    "theatrical_date": null,
    "justwatch_url": "https://www.themoviedb.org/movie/1300116-fall-for-me/watch?locale=US",
    "director": "Sherry Hormann",
    "cast": "Svenja Jung, Theo Trebs, Tijan Marei",
    "runtime": 103,
    "studio": "Wiedemann & Berg Television",
    "rating": "R",
    "tmdb_url": "https://www.themoviedb.org/movie/1300116",
    "rt_url": "https://www.rottentomatoes.com/search?search=Fall%20for%20Me",
    "wikipedia_url": "https://en.wikipedia.org/wiki/Fall_for_Me_(film)",
    "review_data": {
      "rt_score": null,
      "imdb_rating": null
    }
  },
  {
    "title": "Night Always Comes",
    "year": "2025",
    "release_date": "2025-08-15",
    "poster": "https://image.tmdb.org/t/p/w500/1jDo1nG7rtjaaQGpr6e73x9i9Xp.jpg",
    "tmdb_id": 1254624,
    "tmdb_vote": 6.241,
    "rt_score": null,
    "providers": [
      "Netflix Standard with Ads",
      "Netflix"
    ],
    "overview": "Facing eviction in a city her family can no longer afford, a woman plunges into a desperate and increasingly dangerous all-night search to raise $25,000.",
    "inclusion_reason": "Digital release: 2025-08-15 \u2022 Streaming on 2 platforms",
    "has_digital": true,
    "digital_date": "2025-08-15T00:00:00.000Z",
    "theatrical_date": "2025-08-15T00:00:00.000Z",
    "justwatch_url": "https://www.themoviedb.org/movie/1254624-night-always-comes/watch?locale=US",
    "director": "Benjamin Caron",
    "cast": "Vanessa Kirby, Jennifer Jason Leigh, Zack Gottsagen",
    "runtime": 108,
    "studio": "Aluna Entertainment",
    "rating": "R",
    "tmdb_url": "https://www.themoviedb.org/movie/1254624",
    "rt_url": "https://www.rottentomatoes.com/search?search=Night%20Always%20Comes",
    "wikipedia_url": "https://en.wikipedia.org/wiki/Night_Always_Comes_(film)",
    "review_data": {
      "rt_score": null,
      "imdb_rating": null
    }
  },
  {
    "title": "Abandoned Man",
    "year": "2025",
    "release_date": "2025-08-22",
    "poster": "https://image.tmdb.org/t/p/w500/9jrhldzLHXia0uieyqK8UJ8PNAG.jpg",
    "tmdb_id": 1495723,
    "tmdb_vote": 9.0,
    "rt_score": null,
    "providers": [
      "Netflix Standard with Ads",
      "Netflix"
    ],
    "overview": "After serving time in prison for his brother's crime, a man warily reunites with family, finding hope and healing in a life-changing bond with his niece.",
    "inclusion_reason": "Digital release: 2025-08-22 \u2022 Streaming on 2 platforms",
    "has_digital": true,
    "digital_date": "2025-08-22T00:00:00.000Z",
    "theatrical_date": null,
    "justwatch_url": "https://www.themoviedb.org/movie/1495723-metruk-adam/watch?locale=US",
    "director": "\u00c7a\u011fr\u0131 Vila Lostuval\u0131",
    "cast": "Mert Ramazan Demir, Ada Erma, Rahimcan Kapkap",
    "runtime": 91,
    "studio": "OGM Pictures",
    "rating": "NR",
    "tmdb_url": "https://www.themoviedb.org/movie/1495723",
    "rt_url": "https://www.rottentomatoes.com/search?search=Abandoned%20Man",
    "wikipedia_url": "https://en.wikipedia.org/wiki/Abandoned_Man_(film)",
    "review_data": {
      "rt_score": null,
      "imdb_rating": null
    }
  },
  {
    "title": "Snoopy Presents: A Summer Musical",
    "year": "2025",
    "release_date": "2025-08-14",
    "poster": "https://image.tmdb.org/t/p/w500/kK1ugxST3tCJZjZEO37sLb4Yot5.jpg",
    "tmdb_id": 1484453,
    "tmdb_vote": 7.731,
    "rt_score": null,
    "providers": [
      "Apple TV Plus Amazon Channel",
      "Apple TV+"
    ],
    "overview": "Music and glee fill the air as Charlie Brown and the gang head off to summer camp. First-timer Sally doesn't get what all the hype is about. But when the camp may be forced to close, they team up to save it so more kids can make their own special memories.",
    "inclusion_reason": "Digital release: 2025-08-14 \u2022 Streaming on 2 platforms",
    "has_digital": true,
    "digital_date": "2025-08-14T00:00:00.000Z",
    "theatrical_date": null,
    "justwatch_url": "https://www.themoviedb.org/movie/1484453-snoopy-presents-a-summer-musical/watch?locale=US",
    "director": "Erik Wiese",
    "cast": "Etienne Kellici, Hattie Kragten, Terry McGurrin",
    "runtime": 40,
    "studio": "WildBrain Studios",
    "rating": "G",
    "tmdb_url": "https://www.themoviedb.org/movie/1484453",
    "rt_url": "https://www.rottentomatoes.com/search?search=Snoopy%20Presents:%20A%20Summer%20Musical",
    "wikipedia_url": "https://en.wikipedia.org/wiki/Snoopy_Presents:_A_Summer_Musical_(film)",
    "review_data": {
      "rt_score": null,
      "imdb_rating": null
    }
  },
  {
    "title": "One Hit Wonder",
    "year": "2025",
    "release_date": "2025-08-21",
    "poster": "https://image.tmdb.org/t/p/w500/kdHEtyOoB8cyFDwqFMMGK1q0RlM.jpg",
    "tmdb_id": 1428210,
    "tmdb_vote": 6.667,
    "rt_score": null,
    "providers": [
      "Netflix Standard with Ads",
      "Netflix"
    ],
    "overview": "When big dreams meet second chances, two dreamers Entoy and Lorina chase fame in the world of '90s OPM. Will they make it?",
    "inclusion_reason": "Digital release: 2025-08-21 \u2022 Streaming on 2 platforms",
    "has_digital": true,
    "digital_date": "2025-08-21T00:00:00.000Z",
    "theatrical_date": null,
    "justwatch_url": "https://www.themoviedb.org/movie/1428210-one-hit-wonder/watch?locale=US",
    "director": "Marla Ancheta",
    "cast": "Khalil Ramos, Sue Ramirez, Romnick Sarmenta",
    "runtime": 112,
    "studio": "Lucid Dreams Creatives",
    "rating": "NR",
    "tmdb_url": "https://www.themoviedb.org/movie/1428210",
    "rt_url": "https://www.rottentomatoes.com/search?search=One%20Hit%20Wonder",
    "wikipedia_url": "https://en.wikipedia.org/wiki/One_Hit_Wonder_(film)",
    "review_data": {
      "rt_score": null,
      "imdb_rating": null
    }
  },
  {
    "title": "Fixed",
    "year": "2025",
    "release_date": "2025-08-13",
    "poster": "https://image.tmdb.org/t/p/w500/udtlwWSJ45S0uQm29BvFvjPJGW0.jpg",
    "tmdb_id": 537921,
    "tmdb_vote": 6.5,
    "rt_score": null,
    "providers": [
      "Netflix Standard with Ads",
      "Netflix"
    ],
    "overview": "After learning he's getting neutered, a dog has 24 hours to squeeze in one last balls-to-the-wall adventure with the boys.",
    "inclusion_reason": "Digital release: 2025-08-13 \u2022 Streaming on 2 platforms",
    "has_digital": true,
    "digital_date": "2025-08-13T00:00:00.000Z",
    "theatrical_date": "2025-08-13T00:00:00.000Z",
    "justwatch_url": "https://www.themoviedb.org/movie/537921-fixed/watch?locale=US",
    "director": "Genndy Tartakovsky",
    "cast": "Adam Devine, Idris Elba, Kathryn Hahn",
    "runtime": 87,
    "studio": "Sony Pictures Animation",
    "rating": "R",
    "tmdb_url": "https://www.themoviedb.org/movie/537921",
    "rt_url": "https://www.rottentomatoes.com/search?search=Fixed",
    "wikipedia_url": "https://en.wikipedia.org/wiki/Fixed_(film)",
    "review_data": {
      "rt_score": null,
      "imdb_rating": null
    }
  },
  {
    "title": "Highest 2 Lowest",
    "year": "2025",
    "release_date": "2025-08-15",
    "poster": "https://image.tmdb.org/t/p/w500/kOzwIr0R7WhaFgoYUZFLPZA2RBZ.jpg",
    "tmdb_id": 1242434,
    "tmdb_vote": 6.0,
    "rt_score": null,
    "providers": [],
    "overview": "When a titan music mogul, widely known as having the \"best ears in the business\", is targeted with a ransom plot, he is jammed up in a life-or-death moral dilemma.",
    "inclusion_reason": "Digital release: 2025-09-04",
    "has_digital": true,
    "digital_date": "2025-09-04T00:00:00.000Z",
    "theatrical_date": "2025-08-15T00:00:00.000Z",
    "justwatch_url": "",
    "director": "Spike Lee",
    "cast": "Denzel Washington, Jeffrey Wright, Ilfenesh Hadera",
    "runtime": 133,
    "studio": "A24",
    "rating": "R",
    "tmdb_url": "https://www.themoviedb.org/movie/1242434",
    "rt_url": "https://www.rottentomatoes.com/search?search=Highest%202%20Lowest",
    "wikipedia_url": "https://en.wikipedia.org/wiki/Highest_2_Lowest_(film)",
    "review_data": {
      "rt_score": null,
      "imdb_rating": null
    }
  }
]